{
  "settings": {
    "root": {
      "pathToSassDirectory": "assets",
      "sassDirectory": "styles",
      "sassImportFile": "styles.scss"
    },
    "modules": {
      "modulesDirectory": "modules",
      "modulesImportFile": "_modules.scss",
      "moduleFiles": []
    }
  },
  "template": {
    "directories": [
      "global",
      "libs"
    ],
    "files": [
      "application.scss",
      "global/_base.scss",
      "global/_layout.scss",
      "global/_settings.scss",
      "global/_skin.scss",
      "global/_typography.scss",
      "global/_utilities.scss",
      "libs/_library-variable-overrides.scss"
    ]
  }
}